Time_Sec,Latency_ms
0.030121564865112305,1.201263
0.05269598960876465,1.899475
0.07677197456359863,1.028151
0.10218596458435059,1.164945
0.12705612182617188,1.143121
0.15359020233154297,1.949553
0.17792534828186035,1.927506
0.20226383209228516,1.513378
0.22901010513305664,1.97288
0.2529623508453369,2.039917
0.2782142162322998,2.043021
0.30280256271362305,1.957873
0.3278007507324219,1.922162
0.35291290283203125,1.998735
0.3773808479309082,1.787799
0.40271782875061035,1.875892
0.4278848171234131,2.017454
0.4526069164276123,1.841269
0.47792959213256836,2.01147
0.502791166305542,1.896819
0.5275180339813232,1.796791
0.5530428886413574,2.078284
0.5781912803649902,2.316801
0.6023390293121338,1.515362
0.6279768943786621,1.96456
0.6523730754852295,1.683388
0.6773681640625,1.574848
0.7049739360809326,3.901537
0.727851390838623,1.718362
0.752110481262207,1.343753
0.7780752182006836,2.144425
0.802356481552124,1.793303
0.8279156684875488,2.12321
0.8530454635620117,2.08094
0.8769674301147461,1.289931
0.9020206928253174,1.379208
0.9267370700836182,1.252845
0.9522974491119385,1.521826
0.9772341251373291,1.528738
1.0025014877319336,1.678844
1.027252435684204,1.521282
1.0527012348175049,2.043085
1.0776541233062744,1.807446
1.1026585102081299,1.742616
1.1270372867584229,1.436549
1.1522696018218994,1.492163
1.177619218826294,1.783703
1.2020275592803955,1.436837
1.2273402214050293,1.582848
1.2522408962249756,1.531137
1.277691125869751,1.782903
1.3035390377044678,2.061612
1.3276307582855225,1.727386
1.3523437976837158,1.615614
1.3777103424072266,1.885555
1.402641773223877,1.747001
1.4268107414245605,1.332106
1.4523084163665771,1.57776
1.4772553443908691,1.660508
1.5022807121276855,1.629821
1.527256727218628,1.550657
1.5520780086517334,1.474212
1.5777349472045898,1.893267
1.6025724411010742,1.712602
1.6271841526031494,1.550624
1.6523821353912354,1.668188
1.6771354675292969,1.561088
1.7022898197174072,1.592927
1.7274699211120605,1.684731
1.7519841194152832,1.41767
1.7773945331573486,1.688699
1.802614450454712,1.783064
1.8269426822662354,1.420518
1.8524394035339355,1.664796
1.8775734901428223,1.83826
1.9023981094360352,1.620766
1.9277045726776123,1.838197
1.9527041912078857,1.845236
1.9777076244354248,1.875827
2.0021705627441406,1.506242
2.027472972869873,1.71417
2.0525238513946533,1.760376
2.0774853229522705,1.738617
2.1027028560638428,1.857715
2.1271748542785645,1.516865
2.1530706882476807,2.191622
2.1770949363708496,1.558816
2.202322483062744,1.590302
2.2272727489471436,1.569471
2.2519590854644775,1.424742
2.27744197845459,1.733592
2.302544593811035,1.714009
2.327014923095703,1.45594
2.352417469024658,1.679931
2.3771257400512695,1.562624
2.402550458908081,1.71689
2.4273860454559326,1.630813
2.4518535137176514,1.375592
2.477358818054199,1.643196
2.5026204586029053,1.727353
2.5274159908294678,1.665243
2.5519039630889893,1.183888
2.5775814056396484,1.780662
2.6024723052978516,1.66278
2.6277740001678467,1.841845
2.6519765853881836,1.357481
2.677278757095337,1.65654
2.7021589279174805,1.52349
2.7278788089752197,1.890611
2.7523133754730225,1.587134
2.7776732444763184,1.806518
2.802481174468994,1.642173
2.8273568153381348,1.582175
2.85292387008667,1.979151
2.877346992492676,1.639517
2.9022045135498047,1.502402
2.927431583404541,1.637564
2.952335834503174,1.603198
2.977405548095703,1.651164
3.002520799636841,1.685083
3.0271506309509277,1.515585
3.0525200366973877,1.749017
3.07715106010437,1.573983
3.102442741394043,1.595806
3.1271796226501465,1.43127
3.153163433074951,2.120296
3.1771583557128906,1.61619
3.2029240131378174,1.957583
3.227475643157959,1.759799
3.2521471977233887,1.583743
3.2776734828948975,1.880467
3.30277943611145,1.898674
3.3273942470550537,1.700442
3.352565288543701,1.729913
3.3768322467803955,1.305035
3.4021549224853516,1.487011
3.427394151687622,1.629981
3.452078104019165,1.481827
3.4772729873657227,1.596574
3.5024032592773438,1.608094
3.527113437652588,1.478691
3.5523159503936768,1.564927
3.5772645473480225,1.631356
3.6022427082061768,1.522177
3.6274702548980713,1.683867
3.6521718502044678,1.603678
3.677521228790283,1.794326
3.703153133392334,2.079659
3.7277870178222656,1.891474
3.7531371116638184,2.13556
3.7779648303985596,1.979854
3.8026540279388428,1.896914
3.8270132541656494,1.515169
3.8525619506835938,1.830549
3.8772566318511963,1.653084
3.9025421142578125,1.745144
3.9274775981903076,1.769495
3.9521565437316895,1.579679
3.9777064323425293,1.902034
4.002772569656372,1.908721
4.027097225189209,1.55744
4.053097486495972,2.121833
4.077197313308716,1.65894
4.102614879608154,1.788854
4.127933740615845,1.993742
4.152421236038208,1.774934
4.177518844604492,1.810741
4.202071905136108,1.533952
4.227522611618042,1.783862
4.252606630325317,1.873043
4.277107238769531,1.553152
4.302927732467651,1.94888
4.327444553375244,1.781271
4.353087425231934,2.086282
4.377213478088379,1.654076
4.402603626251221,1.787446
4.4270501136779785,1.529697
4.4521708488464355,1.605118
4.477372646331787,1.731257
4.502195119857788,1.582335
4.527857303619385,1.915025
4.552632570266724,1.90373
4.577520847320557,1.802453
4.602672815322876,1.814133
4.628028869628906,2.002157
4.652071475982666,1.551616
4.677714586257935,1.902994
4.70210337638855,1.53424
4.727616548538208,1.80847
4.7528746128082275,2.012781
4.777256727218628,1.669531
4.802587270736694,1.78735
4.827550649642944,1.82866
4.852016925811768,1.510018
4.878028392791748,2.053772
4.902085065841675,1.527329
4.928064346313477,2.018188
4.951996803283691,1.491074
4.977887153625488,1.958256
5.002509355545044,1.679099
5.027365207672119,1.728985
5.052090644836426,1.550432
5.077885627746582,1.967471
5.103042840957642,2.002285
5.127603054046631,1.875187
5.153463125228882,2.336383
5.177863836288452,1.966254
5.202685832977295,1.866835
5.226926326751709,1.231148
5.253026962280273,2.062026
5.277088642120361,1.363559
5.302638530731201,1.823988
5.328047037124634,2.051851
5.3521568775177,1.612605
5.3775599002838135,1.830997
5.4025397300720215,1.777462
5.42695951461792,1.468579
5.452583312988281,1.814165
5.478256940841675,2.243555
5.50227165222168,1.622717
5.527892351150513,1.962383
5.552612066268921,1.828212
5.577361345291138,1.675451
5.602301597595215,1.649595
5.6279778480529785,2.000877
5.652482032775879,1.829844
5.677489519119263,1.786902
5.702743768692017,1.881682
5.727082967758179,1.537504
5.752802610397339,1.950255
5.77783465385437,2.021548
5.8028905391693115,1.926768
5.8282787799835205,2.114408
5.852085590362549,1.575039
5.877943515777588,1.991885
5.902690649032593,1.868243
5.9270265102386475,1.511361
5.952510356903076,1.806293
5.977051258087158,1.540001
6.002211093902588,1.607837
6.027272462844849,1.649404
6.052246809005737,1.611837
6.077347040176392,1.712473
6.102906703948975,1.95531
6.12752366065979,1.763127
6.1529083251953125,2.029835
6.17780065536499,1.932815
6.202017307281494,1.50013
6.2274839878082275,1.741207
6.252437591552734,1.777238
6.277000904083252,1.518017
6.302822589874268,1.876562
6.32732081413269,1.687322
6.352043867111206,1.509185
6.378018379211426,2.033707
6.4021453857421875,1.558143
6.4273693561553955,1.69145
6.4524757862091064,1.76799
6.477132081985474,1.596798
6.502548456192017,1.755862
6.527182102203369,1.606781
6.552122354507446,1.558591
6.577479839324951,1.789141
6.602248430252075,1.374503
6.627592086791992,1.802037
6.652432680130005,1.602366
6.677300930023193,1.735895
6.702970027923584,1.987085
6.727193593978882,1.615356
6.753107070922852,2.076938
6.77700662612915,1.513761
6.802762746810913,1.86053
6.827168941497803,1.582431
6.852513790130615,1.779766
6.8776772022247314,1.874674
6.902097940444946,1.501474
6.927472352981567,1.732216
6.9526047706604,1.856339
6.97748327255249,1.778294
7.002612829208374,1.817876
7.027098655700684,1.541791
7.0525221824646,1.779638
7.077554225921631,1.826676
7.1021013259887695,1.510593
7.127434253692627,1.704568
7.152503252029419,1.802421
7.1769983768463135,1.515457
7.202571630477905,1.766966
7.227003335952759,1.468515
7.251724720001221,1.128657
7.277515649795532,1.582974
7.302881956100464,1.854674
7.327549934387207,1.563935
7.3529438972473145,2.019372
7.376898288726807,1.176271
7.402450323104858,1.752919
7.427619457244873,1.821108
7.4530863761901855,1.947758
7.477139472961426,1.62742
7.502648115158081,1.828116
7.527281045913696,1.707321
7.552868366241455,1.932528
7.578430414199829,2.379645
7.602877855300903,1.780438
7.627305269241333,1.481922
7.651954650878906,1.173839
7.677424669265747,1.53136
7.701875925064087,1.25646
7.72716212272644,1.483362
7.752172231674194,1.484674
7.777217388153076,1.502209
7.802589178085327,1.736503
7.827344179153442,1.591261
7.8520121574401855,1.344424
7.8770177364349365,1.406021
7.9022417068481445,1.452483
7.927682161331177,1.78415
7.9527366161346436,1.887793
7.977200508117676,1.644891
8.002213716506958,1.572254
8.027328491210938,1.68857
8.052268266677856,1.617597
8.07739520072937,1.730968
8.102340459823608,1.649243
8.127059936523438,1.502529
8.153042554855347,2.054217
8.177119731903076,1.563231
8.202216863632202,1.585085
8.227469682693481,1.75071
8.252257108688354,1.613149
8.277384996414185,1.647579
8.302556037902832,1.678809
8.327144384384155,1.496929
8.352071046829224,1.39319
8.376723051071167,1.227437
8.401890516281128,1.296457
8.427383422851562,1.634427
8.451817989349365,1.273131
8.47761845588684,1.777366
8.50273323059082,1.876434
8.527117729187012,1.409509
8.552921056747437,2.019691
8.57726526260376,1.512001
8.602541208267212,1.669338
8.627233028411865,1.488321
8.652276277542114,1.451395
8.677279472351074,1.597341
8.701980113983154,1.314857
8.727977752685547,2.04049
8.751935958862305,1.332392
8.777010917663574,1.396806
8.802435874938965,1.784949
8.826803207397461,1.275978
8.852015256881714,1.374694
8.877053022384644,1.498305
8.902403354644775,1.635803
8.927181005477905,1.4481
8.951797723770142,1.276075
8.977426528930664,1.680633
9.002002954483032,1.344968
9.026823282241821,1.27249
9.052002429962158,1.346887
9.077434062957764,1.738327
9.102259635925293,1.462339
9.127681732177734,1.823283
9.152294874191284,1.468802
9.176972150802612,1.368615
9.202318668365479,1.642203
9.227450847625732,1.651706
9.251901865005493,1.308329
9.277362585067749,1.66633
9.302109956741333,1.548351
9.3271803855896,1.425476
9.35235595703125,1.58595
9.37695026397705,1.372774
9.402459144592285,1.630012
9.427794218063354,1.872497
9.452365159988403,1.609212
9.477372646331787,1.594717
9.50194001197815,1.328616
9.527191162109375,1.522112
9.552433967590332,1.680057
9.57688307762146,1.342568
9.601982116699219,1.348136
9.627533197402954,1.740567
9.651876211166382,1.276234
9.677270650863647,1.556254
9.701587677001953,1.062931
9.727519273757935,1.683801
9.752604007720947,1.751766
9.777299404144287,1.5168
9.801600933074951,1.151983
9.826868534088135,1.281162
9.852380752563477,1.657402
9.877048254013062,1.50224
9.901966571807861,1.326664
9.92719316482544,1.472834
9.95186972618103,1.320041
9.977084636688232,1.443267
10.002708435058594,1.727864
10.027557373046875,1.743799
10.052356004714966,1.624988
10.07775330543518,1.980525
10.10256028175354,1.66633
10.128231048583984,1.797012
10.152370929718018,1.544318
10.17725920677185,1.537408
10.202081680297852,1.391974
10.227275848388672,1.48141
10.251789093017578,1.257515
10.277204990386963,1.48589
10.301993370056152,1.361574
10.327362775802612,1.509793
10.35274052619934,1.79778
10.378037929534912,2.03441
10.401704549789429,1.170671
10.42723536491394,1.441667
10.452945947647095,2.024426
10.477445125579834,1.655994
10.502667427062988,1.767669
10.52751350402832,1.830387
10.55225658416748,1.447523
10.577761173248291,1.812916
10.601759910583496,1.233228
10.627296209335327,1.49984
10.652605295181274,1.770774
10.677179098129272,1.533663
10.701961517333984,1.330472
10.72735071182251,1.674553
10.751838684082031,1.308168
10.777263641357422,1.619676
10.802079200744629,1.46285
10.826903820037842,1.33492
10.852506875991821,1.802452
10.877058982849121,1.506337
10.902872562408447,1.925167
10.92716360092163,1.574653
10.952982664108276,2.015595
10.977209329605103,1.632251
11.002501487731934,1.745431
11.027174949645996,1.593372
11.052135944366455,1.566622
11.077419757843018,1.732886
11.10204792022705,1.477377
11.127297163009644,1.619579
11.15242862701416,1.727671
11.177063703536987,1.513855
11.20293140411377,1.937454
11.227193117141724,1.621692
11.252101421356201,1.539455
11.277461528778076,1.761877
11.30213475227356,1.551807
11.327315092086792,1.654297
11.352532386779785,1.810099
11.377125978469849,1.569917
11.402454614639282,1.708759
11.427170991897583,1.593565
11.452059984207153,1.51936
11.477953672409058,2.002891
11.502662181854248,1.817619
11.527915716171265,1.975756
11.552120685577393,1.377414
11.57790994644165,1.976876
11.602144002914429,1.548191
11.62752890586853,1.754902
11.652822732925415,1.950029
11.67667818069458,1.166862
11.702508687973022,1.720727
11.726542472839355,1.047828
11.752331018447876,1.582621
11.777941465377808,1.98174
11.801918506622314,1.417572
11.82722282409668,1.596668
11.852343559265137,1.687257
11.87697458267212,1.488673
11.902265787124634,1.604444
11.926956176757812,1.474433
11.952250957489014,1.590109
11.97741961479187,1.750742
12.001970529556274,1.46077
12.027195692062378,1.570205
12.052575826644897,1.827059
12.077049970626831,1.553567
12.10304307937622,2.01217
12.127092838287354,1.582973
12.153090000152588,2.053321
12.177127838134766,1.573725
12.202597856521606,1.779764
12.227031707763672,1.480449
12.252565383911133,1.775028
12.277565479278564,1.850674
12.302101850509644,1.513248
12.32744026184082,1.725975
12.352566242218018,1.834706
12.377637386322021,1.84293
12.402836084365845,1.907471
12.427083253860474,1.514272
12.45226240158081,1.489857
12.477327823638916,1.567742
12.50279450416565,1.890448
12.527853727340698,1.930094
12.552112579345703,1.537086
12.57801866531372,2.019754
12.602941036224365,1.954573
12.627642631530762,1.826451
12.652627229690552,1.885647
12.676817893981934,1.26673
12.702900171279907,1.926062
12.727413654327393,1.677881
12.75309443473816,2.069287
12.777199268341064,1.619803
12.802446126937866,1.724247
12.82703423500061,1.485921
12.853098154067993,2.085095
12.878521203994751,2.378715
12.902216672897339,1.617275
12.927946329116821,1.963436
12.952661752700806,1.925646
12.977895975112915,1.98126
13.002331018447876,1.69132
13.027086734771729,1.535582
13.052547931671143,1.797172
13.077521562576294,1.805523
13.10212516784668,1.539326
13.127387046813965,1.684184
13.152458190917969,1.748533
13.177125930786133,1.572317
13.202515602111816,1.755829
13.227063655853271,1.516383
13.252332210540771,1.622459
13.277532577514648,1.808146
13.302069902420044,1.478177
13.32788372039795,1.942957
13.352458953857422,1.871568
13.37801742553711,2.041321
13.402143001556396,1.543198
13.427613019943237,1.806899
13.452113389968872,1.535871
13.47742247581482,1.760725
13.50246286392212,1.730102
13.527148723602295,1.557885
13.552884340286255,1.939981
13.577912092208862,1.991115
13.601887702941895,1.22302
13.6278657913208,1.941614
13.653228282928467,2.323229
13.677785634994507,1.925709
13.702833890914917,1.877904
13.727034568786621,1.486944
13.75279450416565,1.924206
13.777546167373657,1.820818
13.802003860473633,1.475713
13.82737946510315,1.679545
13.852034091949463,1.500128
13.87727403640747,1.628794
13.902987241744995,1.968812
13.927076816558838,1.528575
13.953187704086304,2.165412
13.977362871170044,1.741685
14.002307176589966,1.670617
14.027028322219849,1.476993
14.052466630935669,1.753045
14.077465295791626,1.783635
14.102001428604126,1.472673
14.127930641174316,1.966124
14.152075290679932,1.536255
14.177415132522583,1.72559
14.202192068099976,1.606908
14.227018117904663,1.473153
14.252373933792114,1.703319
14.277647972106934,1.883952
14.302008152008057,1.475329
14.327386856079102,1.686136
14.35196304321289,1.44189
14.377360105514526,1.705431
14.402294397354126,1.656985
14.427068710327148,1.515999
14.452274560928345,1.602076
14.477741003036499,1.928685
14.502089262008667,1.508511
14.527926445007324,1.948492
14.552088499069214,1.527326
14.578095436096191,2.055144
14.602074146270752,1.515135
14.627533674240112,1.77042
14.652018308639526,1.479937
14.677501440048218,1.790643
14.702134370803833,1.347367
14.727360725402832,1.645241
14.752717018127441,1.896463
14.777483940124512,1.899247
14.802098035812378,1.523615
14.827372550964355,1.67196
14.851993560791016,1.461602
14.877825021743774,1.921262
14.90253496170044,1.773076
14.927058219909668,1.495296
14.952468633651733,1.754325
14.977436065673828,1.867856
15.002109289169312,1.529855
15.027845859527588,1.924462
15.052242040634155,1.613243
15.077991008758545,2.009802
15.103170394897461,2.20477
15.12722110748291,1.616571
15.153166770935059,2.070471
15.177755117416382,1.931373
15.202531576156616,1.794131
15.227336645126343,1.675736
15.252456426620483,1.7829
15.277451515197754,1.824113
15.302085876464844,1.503199
15.327380895614624,1.677592
15.351999759674072,1.457857
15.377962589263916,2.003914
15.403378248214722,2.340507
15.427255630493164,1.650873
15.452976942062378,2.014474
15.477800607681274,1.972075
15.502755880355835,1.853104
15.527944326400757,1.971884
15.552063941955566,1.518462
15.577997207641602,2.040073
15.60322117805481,2.144548
15.627699851989746,1.844497
15.652694702148438,1.890575
15.677457332611084,1.869808
15.70202350616455,1.26033
15.728148460388184,2.087014
15.752602577209473,1.332775
15.778439283370972,2.324828
15.80254602432251,1.80469
15.827553272247314,1.795027
15.852013349533081,1.513119
15.87762999534607,1.854832
15.902545690536499,1.826993
15.926960945129395,1.469601
15.952996015548706,2.030248
15.977271318435669,1.697175
16.002742290496826,1.86456
16.027602195739746,1.829874
16.05207920074463,1.537342
16.07759952545166,1.853776
16.102689504623413,1.885743
16.127124071121216,1.551197
16.15257740020752,1.835953
16.17716884613037,1.611066
16.2025728225708,1.788115
16.227473497390747,1.7597
16.25209140777588,1.52835
16.2778103351593,1.960652
16.30303454399109,2.046728
16.327617168426514,1.783539
16.35330605506897,2.248703
16.377872228622437,1.966219
16.402663946151733,1.856208
16.42704939842224,1.529886
16.452595949172974,1.852368
16.477067232131958,1.575772
16.502553939819336,1.773524
16.527559757232666,1.812849
16.552132844924927,1.573372
16.578037977218628,2.070599
16.602723836898804,1.919469
16.627244472503662,1.641657
16.65258550643921,1.834449
16.676992416381836,1.500575
16.702632427215576,1.826865
16.727168798446655,1.415714
16.752607583999634,1.611546
16.77779507637024,1.89659
16.802638292312622,1.85128
16.827157974243164,1.597659
16.852554321289062,1.825617
16.877190589904785,1.63049
16.902647018432617,1.810258
16.928448915481567,2.422423
16.952234506607056,1.62073
16.97832727432251,2.214817
17.002739429473877,1.880975
17.027715921401978,1.899406
17.05210518836975,1.553405
17.077611684799194,1.870511
17.10260796546936,1.84888
17.12716054916382,1.595003
17.153183937072754,2.144451
17.177185535430908,1.62873
17.20288586616516,1.949003
17.227722883224487,1.881167
17.252113342285156,1.550237
17.277703762054443,1.901837
17.303110361099243,2.086757
17.327387809753418,1.707318
17.35249090194702,1.802609
17.377166986465454,1.607866
17.402883052825928,1.941164
17.427778482437134,1.948748
17.452171564102173,1.598651
17.47773504257202,1.922764
17.503340005874634,2.33785
17.52792477607727,1.98833
17.552594661712646,1.93422
17.57787799835205,1.969547
17.602924585342407,1.945451
17.628024101257324,2.018793
17.652957916259766,2.025512
17.677144289016724,1.601178
17.702616930007935,1.813586
17.728008270263672,1.993418
17.752368927001953,1.704086
17.777950048446655,1.993738
17.80315375328064,2.113221
17.827847719192505,1.896494
17.853230953216553,2.167746
17.87720227241516,1.636569
17.903156042099,2.068262
17.927977561950684,2.006153
17.952089309692383,1.544253
17.977746725082397,1.917229
18.00247073173523,1.792466
18.027254104614258,1.65196
18.0527560710907,1.923725
18.077183961868286,1.62169
18.10275959968567,1.87211
18.128364324569702,2.226463
18.15258002281189,1.850768
18.178229093551636,2.104261
18.20266628265381,1.842991
18.227325916290283,1.717461
18.251944541931152,1.454049
18.277859687805176,1.867151
18.30207324028015,1.547933
18.327322483062744,1.648664
18.353033304214478,2.062407
18.377031564712524,1.536317
18.40227460861206,1.652792
18.42720317840576,1.642905
18.45193076133728,1.459745
18.477635145187378,1.872943
18.50208306312561,1.540638
18.527541399002075,1.952428
18.552297830581665,1.66492
18.577017784118652,1.527549
18.60219645500183,1.593146
18.627208471298218,1.640025
18.653162479400635,2.261214
18.677985906600952,2.031976
18.702454566955566,1.750452
18.72705364227295,1.310247
18.75295925140381,2.037223
18.776957988739014,1.181165
18.802268266677856,1.564412
18.827374935150146,1.642361
18.85170078277588,1.208715
18.8764865398407,1.081937
18.901606559753418,1.13483
18.926843881607056,1.273353
18.952157974243164,1.406787
18.97701907157898,1.452609
19.002065896987915,1.548956
19.027056217193604,1.473536
19.05231809616089,1.580411
19.076727151870728,1.267881
19.101942539215088,1.367141
19.127580165863037,1.756659
19.15153980255127,1.110832
19.17689061164856,1.37866
19.20189118385315,1.367012
19.226831197738647,1.274153
19.25205683708191,1.462464
19.27685856819153,1.310663
19.302241802215576,1.466944
19.327788591384888,1.887789
19.352107286453247,1.424866
19.377526998519897,1.736693
19.40254831314087,1.644216
19.427690267562866,1.750483
19.45161485671997,1.164909
19.47723388671875,1.46816
19.502345085144043,1.631001
19.527077198028564,1.384611
19.552302360534668,1.571324
19.57657527923584,1.162957
19.60244059562683,1.634873
19.627296924591064,1.496446
19.651826858520508,1.255626
19.677446842193604,1.675159
19.70219874382019,1.518429
19.727344274520874,1.589915
19.75213313102722,1.489311
19.776626586914062,1.186412
19.80239462852478,1.598811
19.827584981918335,1.70847
19.852527856826782,1.772754
19.87736749649048,1.603994
19.902337312698364,1.512734
19.9274480342865,1.607482
19.952348709106445,1.594298
19.97716188430786,1.424674
20.00181245803833,1.259945
20.027114152908325,1.41741
20.052063465118408,1.491774
20.07732343673706,1.548956
20.102709531784058,1.798801
20.127025365829468,1.372804
20.152376413345337,1.613625
20.177009105682373,1.392483
20.201986074447632,1.356645
20.22764492034912,1.834992
20.25209641456604,1.480895
20.277355670928955,1.662968
20.302295207977295,1.631
20.32715892791748,1.432065
20.35209846496582,1.498366
20.377583265304565,1.768115
20.40248703956604,1.754739
20.42734146118164,1.640664
20.451979637145996,1.347717
20.477070093154907,1.424642
20.501803874969482,1.263464
20.52721095085144,1.432001
20.552510976791382,1.774259
20.577369928359985,1.570875
20.602272033691406,1.568828
20.627069234848022,1.375556
20.65249800682068,1.698101
20.676629066467285,1.209004
20.702420473098755,1.696086
20.727290391921997,1.61273
20.75197148323059,1.321638
20.777064561843872,1.423425
20.801637887954712,1.091569
20.827046394348145,1.317383
20.852742195129395,1.839216
20.876770734786987,1.275272
20.902220010757446,1.429249
20.926615715026855,1.177676
20.952318906784058,1.492894
20.977867364883423,1.888078
21.00174117088318,1.231658
21.02695870399475,1.345157
21.052125215530396,1.440225
21.076560497283936,1.164525
21.10254716873169,1.766514
21.12688112258911,1.37354
21.152930736541748,1.979977
21.178100109100342,2.134274
21.203002452850342,1.983913
21.22712779045105,1.561883
21.25270104408264,1.875757
21.277642488479614,1.881677
21.30211639404297,1.536221
21.327640056610107,1.845743
21.352700233459473,1.937643
21.377063035964966,1.547804
21.40261960029602,1.81256
21.427117347717285,1.554587
21.45293927192688,1.985513
21.477766513824463,1.936363
21.50201678276062,1.497662
21.527662754058838,1.860079
21.55256175994873,1.846127
21.577062129974365,1.561243
21.602509260177612,1.748307
21.627050638198853,1.50099
21.65259885787964,1.82312
21.677582025527954,1.847791
21.70219087600708,1.589434
21.72798752784729,2.00404
21.751993417739868,1.302182
21.778019428253174,2.004808
21.801390409469604,0.973269
21.827352285385132,1.526525
21.85270118713379,1.923627
21.877014875411987,1.526013
21.902331352233887,1.665015
21.927274227142334,1.649175
21.952724933624268,1.867694
21.977976083755493,2.023367
22.002700805664062,1.845295
22.02789616584778,1.937611
22.05238151550293,1.762675
22.077141284942627,1.585114
22.102401733398438,1.698325
22.127029180526733,1.482527
22.152276754379272,1.605081
22.17723560333252,1.646807
22.201948642730713,1.441024
22.22723960876465,1.608154
22.25226640701294,1.632152
22.276888847351074,1.501278
22.302440404891968,1.710325
22.327075958251953,1.519229
22.35287880897522,1.939626
22.377718210220337,1.94865
22.40306305885315,2.005223
22.427232265472412,1.624504
22.452349424362183,1.640152
22.477706909179688,1.896781
22.50209665298462,1.536572
22.527698040008545,1.883949
22.552058219909668,1.553116
22.578123569488525,2.080357
22.603114128112793,2.04055
22.628321886062622,2.096739
22.65216898918152,1.596441
22.677780389785767,1.901996
22.70201849937439,1.458848
22.727442741394043,1.712885
22.75260305404663,1.843631
22.77772068977356,1.901004
22.802518367767334,1.72434
22.827844381332397,1.899084
22.853129863739014,2.098532
22.877787828445435,1.972905
22.90206789970398,1.532029
22.92792057991028,1.964522
22.953211545944214,2.188448
22.978094816207886,2.092228
23.002130270004272,1.53622
23.02772855758667,1.850191
23.052685976028442,1.910507
23.077194452285767,1.616857
23.102633953094482,1.829039
23.127399682998657,1.773553
23.152299642562866,1.631576
23.177505254745483,1.816911
23.202081441879272,1.514973
23.227917671203613,1.944202
23.252676486968994,1.8947
23.277159452438354,1.613496
23.302649974822998,1.826864
23.32720685005188,1.678582
23.352257013320923,1.618264
23.377481698989868,1.782609
23.402114868164062,1.538684
23.42754364013672,1.786129
23.452651262283325,1.87275
23.47740387916565,1.734388
23.502637147903442,1.780178
23.527394771575928,1.815279
23.552826642990112,1.935626
23.578050136566162,2.105059
23.602822303771973,1.908619
23.62714719772339,1.641272
23.652309894561768,1.637752
23.677663564682007,1.921675
23.702167749404907,1.572794
23.727533102035522,1.791025
23.752646446228027,1.876013
23.777284145355225,1.680246
23.80292510986328,1.948938
23.827016353607178,1.324421
23.852176427841187,1.54438
23.877583503723145,1.840431
23.90210723876953,1.521372
23.92735719680786,1.683893
23.952425003051758,1.766002
23.97701072692871,1.518109
24.00244951248169,1.725268
24.027259349822998,1.670646
24.051828861236572,1.212618
24.07793617248535,2.011623
24.10263204574585,1.799472
24.12784242630005,1.929386
24.15257978439331,1.862446
24.177613258361816,1.888396
24.20215344429016,1.549755
24.2272310256958,1.608472
24.252145290374756,1.603385
24.277055740356445,1.587001
24.302154064178467,1.568634
24.327131271362305,1.561819
24.352006673812866,1.504989
24.37795114517212,2.02359
24.402111053466797,1.502877
24.42718744277954,1.577434
24.45209527015686,1.565626
24.477462768554688,1.750418
24.502117156982422,1.561595
24.52711248397827,1.555483
24.55206561088562,1.552731
24.577317476272583,1.716308
24.602061986923218,1.520956
24.627331256866455,1.651575
24.652106523513794,1.572378
24.676945447921753,1.468383
24.702693939208984,1.914507
24.727316856384277,1.688566
24.75294327735901,2.01687
24.778046369552612,2.061028
24.802990198135376,1.97876
24.82657814025879,1.104431
24.852909564971924,1.98948
24.877606868743896,1.89166
24.902047395706177,1.518621
24.927557229995728,1.788273
24.95256757736206,1.896492
24.977094888687134,1.587801
25.003023386001587,2.02007
25.027523040771484,1.833935
25.052696228027344,1.891724
25.078176975250244,2.177631
25.102863311767578,1.917386
25.128087043762207,2.081604
25.15272283554077,1.913707
25.177775621414185,1.938666
25.20200777053833,1.48451
25.22781491279602,1.905804
25.25300621986389,1.954441
25.277059078216553,1.56921
25.302412033081055,1.719731
25.327093601226807,1.529276
25.353171348571777,2.129281
25.37795352935791,2.028677
25.40332317352295,2.208286
25.427906274795532,1.931018
25.453609466552734,2.34348
25.477352619171143,1.738259
25.50304675102234,1.991911
25.52720022201538,1.669014
25.55286717414856,1.949225
25.57808256149292,2.084419
25.602030038833618,1.485918
25.627559661865234,1.764018
25.65258240699768,1.84027
25.67710041999817,1.555642
25.702553033828735,1.760178
25.727288961410522,1.695412
25.752161741256714,1.594457
25.777517795562744,1.818639
25.80228567123413,1.648791
25.827357053756714,1.693173
25.852030515670776,1.332004
25.876997470855713,1.521149
25.902382612228394,1.666998
25.927042961120605,1.541851
25.952757120132446,1.88062
25.977975368499756,2.065636
26.002721309661865,1.84539
26.02695894241333,1.475007
26.052361726760864,1.690036
26.077561378479004,1.831631
26.101964235305786,1.438591
26.127612590789795,1.818479
26.152071714401245,1.377283
26.177956581115723,2.023429
26.201868534088135,1.151596
26.227561235427856,1.802384
26.25247883796692,1.776273
26.2775821685791,1.887563
26.301940441131592,1.425952
26.327431678771973,1.725907
26.352794885635376,1.82251
26.377085208892822,1.580633
26.402284622192383,1.663574
26.427099227905273,1.531324
26.452266931533813,1.597208
26.47743797302246,1.778513
26.502054929733276,1.497149
26.52793049812317,1.972488
26.552292585372925,1.688692
26.57799983024597,2.052965
26.60227060317993,1.632183
26.627650499343872,1.811599
26.65279531478882,1.957065
26.67708683013916,1.592313
26.702571630477905,1.801744
26.72716450691223,1.580889
26.752918481826782,1.98004
26.777650356292725,1.905579
26.802563428878784,1.789072
26.827608346939087,1.826383
26.852630138397217,1.933994
26.876917600631714,1.460383
26.902639865875244,1.848525
26.92747139930725,1.607576
26.952523469924927,1.799279
26.97769832611084,1.928266
27.00203561782837,1.499709
27.02755618095398,1.813711
27.052133321762085,1.574105
27.077036380767822,1.552474
27.102789640426636,1.81547
27.127538442611694,1.771921
27.1528742313385,1.967048
27.1774423122406,1.79576
27.202812433242798,1.912586
27.22707724571228,1.523228
27.252309322357178,1.640375
27.27728247642517,1.681685
27.30199646949768,1.481278
27.327309131622314,1.658198
27.35202431678772,1.50694
27.377338409423828,1.695796
27.40280508995056,1.901931
27.42712712287903,1.550811
27.452988624572754,2.075331
27.47741961479187,1.78168
27.502000093460083,1.482526
27.527843236923218,1.95524
27.552135944366455,1.593145
27.578002214431763,2.036389
27.602351903915405,1.705043
27.62770366668701,1.844525
27.65196180343628,1.474206
27.677363872528076,1.721715
27.702467679977417,1.730227
27.72691559791565,1.439071
27.752901554107666,1.976072
27.777543783187866,1.841453
27.803192138671875,2.064004
27.827994346618652,1.997575
27.852184534072876,1.394978
27.877999782562256,2.020806
27.902011394500732,1.494621
27.927409648895264,1.704787
27.951953649520874,1.455455
27.977272510528564,1.661494
28.002456665039062,1.811631
28.02707552909851,1.521724
28.052963972091675,2.023461
28.077451705932617,1.796496
28.10203719139099,1.481726
28.12736678123474,1.665398
28.15182065963745,1.363171
28.17726492881775,1.647254
28.202311038970947,1.638455
28.227800607681274,1.909194
28.252299785614014,1.462878
28.278091192245483,2.110881
28.302720546722412,1.872428
28.328028202056885,2.027077
28.352025508880615,1.513436
28.377787351608276,1.948456
28.402007579803467,1.464478
28.42739987373352,1.699988
28.45224952697754,1.604984
28.477556467056274,1.830414
28.5022189617157,1.624727
28.527050256729126,1.503228
28.55264115333557,1.917386
28.577479124069214,1.820974
28.602019786834717,1.489949
28.62734293937683,1.679637
28.65190839767456,1.434432
28.677865982055664,1.953544
28.70231604576111,1.657046
28.72694730758667,1.455903
28.752237796783447,1.580665
28.777238368988037,1.646039
28.801997661590576,1.478846
28.827136516571045,1.412257
28.85210657119751,1.587673
28.87766170501709,1.83947
28.902270793914795,1.624087
28.927046060562134,1.535579
28.95284414291382,1.936009
28.977421760559082,1.762289
29.003003358840942,1.976712
29.026959657669067,1.474046
29.052485704421997,1.774577
29.07764720916748,1.890475
29.10214138031006,1.551962
29.127347707748413,1.676148
29.151963233947754,1.478365
29.17714834213257,1.612023
29.20216202735901,1.564601
29.22704315185547,1.49286
29.252867937088013,1.948168
29.277209043502808,1.673877
29.302144289016724,1.568633
29.32734203338623,1.691251
29.35192584991455,1.454238
29.377211332321167,1.617527
29.402283191680908,1.642998
29.42702603340149,1.483613
29.452315092086792,1.620023
29.47739267349243,1.756369
29.502238035202026,1.602584
29.527989864349365,2.006918
29.551995992660522,1.504636
29.578494548797607,2.307384
29.602370023727417,1.710387
29.6275315284729,1.785327
29.652043104171753,1.499292
29.677424430847168,1.751121
29.702234268188477,1.648373
29.72708225250244,1.529083
29.752458333969116,1.784208
29.777057886123657,1.567449
29.802327632904053,1.659637
29.827018976211548,1.29815
29.851988315582275,1.485629
29.877840518951416,1.939753
29.9021954536438,1.623511
29.92707395553589,1.51878
29.952112913131714,1.540603
29.976989030838013,1.503132
30.00208282470703,1.50518
30.02766513824463,1.888074
30.05196738243103,1.494524
30.078070163726807,2.05146
30.102282524108887,1.677588
30.128032207489014,1.993062
30.152090549468994,1.545338
30.178110361099243,2.075906
30.20359754562378,2.501519
30.22803807258606,1.995302
30.25193214416504,1.451646
30.277679443359375,1.873803
30.30325984954834,2.112864
30.32712197303772,1.322917
30.3531756401062,2.143327
30.378471851348877,2.446066
30.403034448623657,2.007077
30.42827534675598,2.155263
30.452460527420044,1.77304
30.477997541427612,2.031044
30.502748489379883,1.856428
30.527763843536377,1.868204
30.552834510803223,1.949352
30.577566146850586,1.958375
30.603031158447266,1.977446
30.627912044525146,1.966279
30.652071714401245,1.521436
30.67760181427002,1.838572
30.702718496322632,1.848876
30.727733612060547,1.849996
30.753260374069214,2.167102
30.77703833580017,1.549146
30.803277492523193,2.11936
30.82687783241272,1.244071
30.85266137123108,1.881323
30.876281023025513,0.917751
30.902549505233765,1.744338
30.92788290977478,1.95028
30.951996564865112,1.474013
30.977771997451782,1.894506
31.003965616226196,3.123506
31.027766942977905,1.867563
31.052610397338867,1.841548
31.07714819908142,1.596024
31.10248565673828,1.724338
31.127609729766846,1.823501
31.151890516281128,1.420287
31.177477836608887,1.761904
31.20278573036194,1.955079
31.227056980133057,1.539386
31.25278615951538,1.927945
31.277024745941162,1.523355
31.302732944488525,1.835021
31.328521728515625,2.43141
31.352253675460815,1.645654
31.37829613685608,2.177565
31.402848720550537,1.892458
31.427815198898315,1.907594
31.451995134353638,1.477021
31.47791028022766,1.979207
31.503025770187378,2.122048
31.527014017105103,1.516763
31.552624225616455,1.867659
31.57707381248474,1.554234
31.60293984413147,1.942952
31.628143072128296,2.063907
31.65206813812256,1.518875
31.67798924446106,1.999909
31.703102111816406,2.071394
31.727173328399658,1.583704
31.752915620803833,1.980871
31.777246713638306,1.664117
31.802757740020752,1.844972
31.827991724014282,1.995461
31.852660655975342,1.850892
31.877947568893433,1.992998
31.90313148498535,2.194684
31.92763614654541,1.841805
31.953107595443726,2.080353
31.97714877128601,1.602103
32.003690004348755,2.567947
32.02722215652466,1.629398
32.05289006233215,1.966119
32.07714891433716,1.589144
32.102794885635376,1.853899
32.1278920173645,1.924488
32.1519410610199,1.462461
32.178067207336426,2.041475
32.20267367362976,2.064067
32.227484703063965,1.739793
32.25263476371765,1.835597
32.27712368965149,1.650389
32.302523612976074,1.748208
32.327919721603394,1.947495
32.351985692977905,1.50438
32.37756586074829,1.80011
32.40357732772827,2.428722
32.42781400680542,1.933064
32.452969551086426,2.034084
32.47778654098511,1.894602
32.50294065475464,1.937704
32.52808356285095,2.074402
32.55280661582947,1.973862
32.57832384109497,2.187197
32.602975845336914,2.250298
32.6281099319458,2.065794
32.65215063095093,1.601943
32.677937507629395,1.996677
32.703263998031616,2.377652
32.727126359939575,1.599639
32.75297832489014,2.005253
32.777109146118164,1.566904
32.802574157714844,1.768816
32.82764220237732,1.836301
32.85274076461792,1.882315
32.87780499458313,1.920808
32.902610778808594,1.802446
32.927979707717896,1.996581
32.95316505432129,2.139967
32.97720551490784,1.646581
33.00294256210327,1.952967
33.02793526649475,1.972839
33.052797079086304,1.907849
33.07789611816406,1.97095
33.102370262145996,1.794478
33.12785768508911,1.924584
33.15326285362244,2.152222
33.177188873291016,1.631894
33.20351600646973,2.398227
33.22751832008362,1.7668
33.252997159957886,2.02442
33.27708697319031,1.544954
33.30281949043274,1.885738
33.328065633773804,2.055202
33.35216951370239,1.589047
33.37820076942444,2.118655
33.4020881652832,1.532218
33.427860736846924,1.901962
33.45311093330383,2.063586
33.477059841156006,1.572728
33.502867698669434,1.900553
33.52875733375549,2.068449
33.55200409889221,1.508124
33.57785415649414,1.912104
33.60196304321289,1.443486
33.62773275375366,1.820813
33.65296030044556,1.979782
33.67699193954468,1.508283
33.702781438827515,1.842636
33.728493452072144,2.398418
33.75292921066284,1.994757
33.779106855392456,2.266072
33.802897930145264,1.921065
33.8279025554657,2.159453
33.85181760787964,1.209832
33.877418518066406,1.634518
33.902161836624146,1.605751
33.92725658416748,1.484508
33.95311641693115,2.098209
33.977715253829956,1.881866
34.00308156013489,2.159549
34.02786302566528,2.119007
34.05232501029968,1.679539
34.0778489112854,1.952038
34.10201907157898,1.489052
34.12773895263672,1.869642
34.15300250053406,2.016388
34.17701959609985,1.537593
34.20277762413025,1.875274
34.22770023345947,2.081057
34.25239419937134,1.723986
34.27696943283081,1.340323
34.30199861526489,1.469245
34.328030586242676,2.05453
34.3531494140625,2.123454
34.37777853012085,1.903977
34.40362334251404,2.497645
34.427756547927856,1.850827
34.453073263168335,2.05693
34.477020502090454,1.505979
34.50300359725952,2.023331
34.52781081199646,1.987301
34.552578926086426,1.877578
34.577272176742554,1.4783
34.60215401649475,1.595351
34.62783885002136,1.910633
34.65293312072754,1.960455
34.6771137714386,1.573624
34.70309591293335,2.011364
34.72748064994812,1.861642
34.752779722213745,1.902825
34.77788758277893,1.944551
34.80201029777527,1.480989
34.82781195640564,1.884649
34.85309863090515,2.081249
34.87785029411316,1.938535
34.903117656707764,1.940167
34.928107023239136,2.14115
34.95339107513428,2.311446
34.9780490398407,2.062786
35.002920627593994,1.914153
35.02785778045654,1.978085
35.05302667617798,1.930536
35.07770252227783,1.688531
35.10213017463684,1.369281
35.127618074417114,1.736752
35.152186155319214,1.438078
35.17748737335205,1.622645
35.2021050453186,1.427998
35.22764563560486,1.720785
35.2525315284729,1.669491
35.27736186981201,1.550073
35.30262494087219,1.660052
35.32670545578003,1.203081
35.35229516029358,1.453917
35.37738013267517,1.557369
35.40203905105591,1.404992
35.427215337753296,1.491003
35.452592849731445,1.817324
35.47674083709717,1.256967
35.50244760513306,1.715345
35.52593731880188,0.684352
35.55299186706543,2.023235
35.57809805870056,2.134206
35.60304260253906,2.021027
35.627222537994385,1.61359
35.652658462524414,1.860619
35.67769408226013,1.886282
35.702183961868286,1.551353
35.72768306732178,1.868778
35.75228786468506,1.630325
35.77748680114746,1.792974
35.80319333076477,2.092224
35.8272168636322,1.612534
35.8526406288147,1.846443
35.87738823890686,1.512251
35.90186595916748,1.263558
35.92698955535889,1.228967
35.952033042907715,1.306084
35.97693490982056,1.259462
36.002601146698,1.685746
36.02747440338135,1.759599
36.05258321762085,1.847019
36.077664613723755,1.87905
36.1022253036499,1.600854
36.12736630439758,1.560761
36.15245962142944,1.780206
36.17784643173218,1.949766
36.208329916000366,5.234223
36.22834229469299,2.306965
36.25252866744995,1.833771
36.27735114097595,1.721104
36.302563428878784,1.792525
36.327150106430054,1.583191
36.35256004333496,1.806285
36.37747240066528,1.791565
36.40200138092041,1.480348
36.42795991897583,1.996132
36.45202088356018,1.516058
36.477272272109985,1.659475
36.5026113986969,1.814476
36.52710723876953,1.539673
36.552605390548706,1.848075
36.57763695716858,1.887337
36.602193117141724,1.545273
36.627959966659546,1.989381
36.65179443359375,1.225192
36.678003549575806,2.049922
36.70271897315979,1.876361
36.72691631317139,1.518074
36.75310182571411,2.094911
36.77769947052002,1.937063
36.80307340621948,2.025603
36.827367305755615,1.714897
36.85282754898071,1.955878
36.877461671829224,1.828204
36.90241742134094,1.711282
36.92776131629944,1.878121
36.95276761054993,1.928583
36.977083921432495,1.386912
37.00296950340271,2.030594
37.02751708030701,1.758735
37.052634477615356,1.842859
37.07749581336975,1.853803
37.102293968200684,1.621141
37.127569913864136,1.814124
37.15217852592468,1.579287
37.177525758743286,1.782541
37.202635288238525,1.826603
37.227205991744995,1.59551
37.25274920463562,1.931239
37.2774977684021,1.851114
37.30227828025818,1.630517
37.326674699783325,0.942964
37.35261678695679,1.86113
37.377864599227905,1.969093
37.40332269668579,2.132382
37.427897691726685,1.946951
37.45210385322571,1.557625
37.47759532928467,1.837612
37.5026741027832,1.841675
37.52741599082947,1.778125
37.552687883377075,1.936263
37.577739238739014,2.036162
37.60290050506592,1.932839
37.6280837059021,2.056225
37.653197288513184,2.134142
37.67766499519348,1.872554
37.702516078948975,1.749167
37.72717022895813,1.583286
37.752533197402954,1.790925
37.77754044532776,1.831915
37.80224251747131,1.60367
37.828112840652466,2.07648
37.85279297828674,1.956357
37.87726354598999,1.659508
37.902414321899414,1.687731
37.926576137542725,0.996914
37.952147483825684,1.370241
37.977474212646484,1.627029
38.002705097198486,1.845483
38.02817940711975,2.113119
38.05262994766235,1.86881
38.07761573791504,1.873386
38.102275371551514,1.620757
38.12761116027832,1.802636
38.15251302719116,1.850122
38.17740225791931,1.773966
38.20262551307678,1.822923
38.227174520492554,1.577783
38.25256538391113,1.821772
38.277684450149536,1.886665
38.302207469940186,1.592534
38.327950954437256,1.987108
38.35279679298401,2.014339
38.37777876853943,1.91124
38.40308475494385,2.022146
38.427247524261475,1.6253
38.45292377471924,1.98426
38.477715253829956,1.91748
38.50225043296814,1.609141
38.52736735343933,1.688178
38.55259084701538,1.877065
38.57781505584717,1.924775
38.60318088531494,2.127262
38.62782526016235,1.922183
38.65229630470276,1.662995
38.67739772796631,1.747407
38.702149868011475,1.374049
38.72770619392395,1.897704
38.75203037261963,1.290853
38.77794170379639,2.001667
38.80274415016174,1.86577
38.8276743888855,1.857866
38.85233163833618,1.673715
38.87761878967285,1.859049
38.90284872055054,1.93191
38.92733645439148,1.68901
38.952086210250854,1.333955
38.977564334869385,1.732784
39.00304985046387,2.013954
39.027881145477295,1.932454
39.05265188217163,1.919143
39.07778882980347,1.942566
39.10306453704834,2.030882
39.12772846221924,1.920999
39.152960538864136,2.001539
39.17860746383667,2.451759
39.20296359062195,1.989987
39.22887086868286,2.667332
39.253002643585205,2.030498
39.27807974815369,2.082144
39.30233979225159,1.677266
39.327619791030884,1.80846
39.35263967514038,1.855338
39.37767195701599,1.879209
39.402674198150635,1.845835
39.42716073989868,1.572887
39.4526629447937,1.878697
39.477659940719604,1.881033
39.5022509098053,1.601877
39.528042793273926,2.032929
39.552499294281006,1.829227
39.57765293121338,1.857546
39.60270047187805,1.868617
39.62723731994629,1.627828
39.65255641937256,1.809548
39.677642583847046,1.898056
39.70221447944641,1.589846
39.72756838798523,1.808556
39.751901388168335,1.285668
39.77745270729065,1.651828
39.8029408454895,1.967524
39.82788801193237,1.93959
39.852373123168945,1.738
39.877662897109985,1.875113
39.9027898311615,1.897992
39.92706251144409,1.533977
39.95185708999634,1.227271
39.97820448875427,2.232409
40.00264000892639,1.856618
40.027852058410645,1.933286
40.051711320877075,1.242086
40.077929735183716,1.987971
40.10298180580139,1.992931
40.127864599227905,1.919271
40.15215563774109,1.572982
40.177823305130005,1.923047
40.2027485370636,1.896967
40.22757935523987,1.824107
40.252633571624756,1.868041
40.277613162994385,1.905607
40.30229830741882,1.63394
40.328479528427124,2.360658
40.353034257888794,2.082911
40.37799143791199,2.021506
40.40323233604431,2.156891
40.42867875099182,2.48174
40.45302891731262,2.038561
40.47778367996216,1.954437
40.50208258628845,1.543864
40.52749443054199,1.75259
40.552706241607666,1.911143
40.577094078063965,1.563063
40.60252094268799,1.763086
40.62710452079773,1.5622
40.65233135223389,1.642323
40.67802667617798,2.047777
40.70218873023987,1.585366
40.727466106414795,1.749134
40.75257897377014,1.828906
40.77728486061096,1.682609
40.80177044868469,1.134219
40.827325105667114,1.677458
40.85268235206604,1.937606
40.877689599990845,1.912103
40.902201652526855,1.579351
40.92753195762634,1.766638
40.95303201675415,2.044513
40.977752923965454,1.860073
41.002556562423706,1.637811
41.02786660194397,1.92423
41.05284357070923,1.981987
41.077357053756714,1.713328
41.10261845588684,1.809228
41.12729239463806,1.663346
41.15237474441528,1.711984
41.17765140533447,1.869896
41.2022180557251,1.577942
41.22748255729675,1.747502
41.253010272979736,2.112093
41.27750825881958,1.781421
41.30257272720337,1.783244
41.32751989364624,1.80238
41.35237526893616,1.714384
41.37759280204773,1.83329
41.40220808982849,1.570294
41.427470684051514,1.75115
41.452707052230835,1.899207
41.477248191833496,1.654258
41.50245237350464,1.710672
41.52726674079895,1.654674
41.55257797241211,1.831786
41.578049182891846,2.066336
41.60231256484985,1.65317
41.628119230270386,2.10051
41.652649879455566,1.851881
41.67761278152466,1.855465
41.70218825340271,1.57167
41.72753381729126,1.773101
41.752832651138306,1.973028
41.77723979949951,1.645267
41.802531242370605,1.779245
41.82716202735901,1.586294
41.85284876823425,1.971364
41.87772512435913,1.92839
41.90225529670715,1.620212
41.927448987960815,1.733167
41.95262837409973,1.869417
41.97755813598633,1.817803
42.00268030166626,1.855593
42.02718114852905,1.531129
42.052748680114746,1.934437
42.07753586769104,1.824747
42.102195024490356,1.568086
42.12739419937134,1.70488
42.15300226211548,2.041056
42.17772102355957,1.875977
42.202967166900635,1.984451
42.22762131690979,1.821419
42.25276517868042,1.930502
42.27714228630066,1.563767
42.30248022079468,1.725679
42.32727837562561,1.664946
42.35261297225952,1.830698
42.37752294540405,1.809963
42.40285587310791,2.026529
42.42786622047424,1.963908
42.45262861251831,1.88932
42.47718906402588,1.614068
42.5025908946991,1.796972
42.52644491195679,1.072526
42.55239820480347,1.577334
42.577945709228516,2.023841
42.60276198387146,1.853257
42.62796497344971,2.002434
42.652485370635986,1.770157
42.67759656906128,1.834634
42.70206809043884,1.511257
42.72741341590881,1.694737
42.75390362739563,2.633732
42.778127908706665,2.222615
42.80583119392395,4.759713
42.827855587005615,2.108637
42.852930784225464,2.180793
42.87770056724548,2.065151
42.90416622161865,2.666211
42.929192304611206,3.497372
42.95198845863342,1.324674
42.97840905189514,2.453197
43.00231647491455,1.588757
43.027791023254395,1.663954
43.052793741226196,1.817707
43.077537536621094,1.806347
43.10259461402893,1.79438
43.1271812915802,1.592117
43.15248775482178,1.761133
43.177724838256836,1.908134
43.2021701335907,1.542199
43.22747254371643,1.732623
43.25240874290466,1.775949
43.277225971221924,1.64165
43.302490234375,1.732879
43.32709527015686,1.522552
43.35278606414795,1.920326
43.37803030014038,2.055391
43.40257382392883,1.757966
43.43489646911621,6.095554
43.45283889770508,2.191769
43.478687047958374,2.506346
43.50279188156128,2.044191
43.52879977226257,2.553608
43.55518555641174,2.180921
43.57723665237427,1.648434
43.60243082046509,1.720975
43.62714982032776,1.567415
43.65249848365784,1.775948
43.67753767967224,1.839178
43.702629804611206,1.812683
43.72755789756775,1.813643
43.75236654281616,1.712048
43.77747821807861,1.77374
43.80249261856079,1.763533
43.827025175094604,1.478267
43.85246515274048,1.762413
43.87759447097778,1.879912
43.9021520614624,1.548055
43.92748236656189,1.754189
43.952155113220215,1.560183
43.97782349586487,1.921254
44.00323510169983,2.176473
44.02710819244385,1.325697
44.0525221824646,1.842314
44.07748055458069,1.778508
44.10248613357544,1.774988
44.12706112861633,1.510553
44.15255951881409,1.804651
44.17774534225464,1.956227
44.202184200286865,1.574454
44.22752547264099,1.781324
44.25212645530701,1.56527
44.277819871902466,1.931653
44.30271029472351,1.858473
44.32709097862244,1.53804
44.352649211883545,1.858632
44.37783479690552,1.996834
44.40222787857056,1.601524
44.42748761177063,1.742061
44.452189922332764,1.568726
44.47764730453491,1.816586
44.50259470939636,1.805322
44.527019023895264,1.483706
44.55269503593445,1.870056
44.57802867889404,2.066207
44.602720975875854,1.82193
44.62800455093384,2.023169
44.652931690216064,1.98861
44.67773175239563,1.864072
44.701839208602905,1.2897
44.72744059562683,1.660561
44.75200438499451,1.363136
44.77709770202637,1.437821
44.802512645721436,1.681009
44.826921701431274,1.365024
44.8523313999176,1.534552
44.87796974182129,2.15449
44.901710510253906,1.208295
44.92683148384094,1.272644
44.95277452468872,1.927813
44.97829055786133,2.42043
45.00210094451904,1.157962
45.027568101882935,1.818283
45.0527880191803,1.812139
45.07701110839844,1.420061
45.102298974990845,1.473947
45.1279399394989,1.757325
45.1519730091095,1.333697
45.176910638809204,1.370303
45.20334506034851,2.025665
45.22816038131714,2.09878
45.253013134002686,2.024993
45.27718806266785,1.625043
45.302536964416504,1.734478
45.3285231590271,2.40795
45.352986097335815,2.045632
45.37806797027588,2.062046
45.40331745147705,2.243478
45.427754163742065,1.89831
45.45308327674866,2.070238
45.4770941734314,1.599796
45.50298595428467,1.944612
45.5284583568573,2.355761
45.55211067199707,1.592308
45.57792091369629,1.950724
45.602768659591675,1.911142
45.62699484825134,1.488058
45.65240216255188,1.731279
45.67708730697632,1.564886
45.70228290557861,1.635986
45.72762966156006,1.857704
45.75208115577698,1.572502
45.77795958518982,2.019008
45.802857875823975,1.952676
45.82796859741211,1.988514
45.85207509994507,1.545303
45.877711057662964,1.887431
45.902567625045776,1.834505
45.92708969116211,1.544055
45.952571868896484,1.832457
45.97705125808716,1.560534
46.0025053024292,1.736366
46.028040170669556,2.02944
46.051533222198486,1.070285
46.077670097351074,1.835849
46.10263752937317,1.868839
46.1274778842926,1.736909
46.1525993347168,1.869063
46.17704629898071,1.537911
46.20244002342224,1.707855
46.22748374938965,1.77198
46.25202560424805,1.479386
46.27763915061951,1.867655
46.30248188972473,1.754029
46.32698178291321,1.482618
46.352673292160034,1.898822
46.377005100250244,1.512536
46.402867794036865,1.892518
46.42780900001526,1.928292
46.45266819000244,1.86516
46.47702145576477,1.521848
46.502397537231445,1.675377
46.527339220047,1.702224
46.55197238922119,1.485178
46.577537298202515,1.788972
46.6023006439209,1.673681
46.62771391868591,1.842984
46.6524772644043,1.807626
46.677021741867065,1.513784
46.70257759094238,1.805131
46.72745180130005,1.739597
46.751946210861206,1.460315
46.77742099761963,1.743725
46.802101135253906,1.581237
46.827051401138306,1.519096
46.852336168289185,1.683824
46.87696385383606,1.494169
46.90229630470276,1.616563
46.9275758266449,1.806411
46.9520742893219,1.542935
46.977962493896484,1.999842
47.002410888671875,1.7731
47.02816939353943,2.088797
47.0521354675293,1.336544
47.078561305999756,2.425101
47.10337042808533,2.171865
47.12737321853638,1.706159
47.15296387672424,2.00496
47.1772620677948,1.658321
47.20305037498474,1.996961
47.22805619239807,2.005057
47.25246071815491,1.771532
47.2778422832489,1.924485
47.3030424118042,2.036384
47.327245235443115,1.626514
47.352896213531494,1.97565
47.377259731292725,1.65317
47.40282320976257,1.872519
47.42796301841736,1.970754
47.45216941833496,1.577077
47.47784209251404,1.928677
47.50310182571411,2.140507
47.528761863708496,3.047056
47.55333209037781,2.297875
47.57725524902344,1.405694
47.602898597717285,1.935108
47.62805414199829,2.124059
47.65295219421387,1.997601
47.67722964286804,1.636114
47.7025465965271,1.760108
47.72761940956116,1.819434
47.7521653175354,1.568182
47.77757477760315,1.835785
47.80232524871826,1.660081
47.82767367362976,1.851528
47.85311484336853,2.098141
47.877331495285034,1.704847
47.90285587310791,1.885479
47.92784547805786,2.015521
47.952961444854736,2.002625
47.97783803939819,1.973059
48.00244474411011,1.754413
48.02689790725708,1.252101
48.05245590209961,1.657873
48.077513694763184,1.795083
48.102784395217896,1.913541
48.12777519226074,1.945731
48.15139555931091,0.931796
48.178117752075195,2.0855
48.20233368873596,1.653393
48.22832894325256,2.14425
48.25241565704346,1.742701
48.27781701087952,1.917572
48.302276372909546,1.62917
48.327584743499756,1.780843
48.352978229522705,2.041343
48.37734889984131,1.730094
48.40297341346741,1.964866
48.42778134346008,1.922052
48.452300786972046,1.645746
48.4776496887207,1.865703
48.502219915390015,1.601556
48.52751445770264,1.762572
48.552679777145386,1.88023
48.577274560928345,1.674065
48.60260796546936,1.802346
48.627495765686035,1.816074
48.652307748794556,1.648337
48.67758893966675,1.847464
48.70222592353821,1.606739
48.72678279876709,1.166376
48.75188183784485,1.170152
48.77674722671509,1.102668
48.80175709724426,1.049294
48.82697916030884,1.184168
48.85185790061951,1.129322
48.876718044281006,1.108139
48.90175223350525,1.116363
48.92749643325806,1.597395
48.952022314071655,1.42438
48.97773265838623,1.900517
49.00220608711243,1.567925
49.027647495269775,1.85268
49.05212187767029,1.354464
49.07663917541504,1.074157
49.1022686958313,1.498104
49.12721037864685,1.444795
49.152960538864136,1.995552
49.177422285079956,1.71547
49.20237708091736,1.688303
49.22765493392944,1.85044
49.252970933914185,2.062013
49.27728772163391,1.684592
49.3026762008667,1.838408
49.32726216316223,1.649169
49.3521146774292,1.274755
49.37824535369873,2.189239
49.40236711502075,1.684336
49.42843294143677,2.320465
49.45258045196533,1.832265
49.477778911590576,1.963298
49.50226593017578,1.614227
49.52765870094299,1.844776
49.55286955833435,2.007552
49.577364683151245,1.722958
49.6030547618866,2.013216
49.62748742103577,1.79185
49.65259647369385,1.835432
49.677613258361816,1.855752
49.702194690704346,1.573429
49.727540254592896,1.785291
49.75284385681152,1.982337
49.777278423309326,1.66984
49.802587270736694,1.7755
49.82729411125183,1.668272
49.85248017311096,1.782538
49.877681493759155,1.9169
49.90240168571472,1.693263
49.92777609825134,1.890245
49.951746225357056,1.125418
49.977471590042114,1.781195
50.003113746643066,2.034175
50.027836561203,1.97869
50.05212450027466,1.1858
50.07819151878357,2.154841
50.102638721466064,1.79745
50.12815856933594,2.076924
50.15249586105347,1.776267
50.17770767211914,1.882438
50.20218014717102,1.5725
50.22762870788574,1.807754
50.2527277469635,1.951714
50.27712917327881,1.563893
50.30248951911926,1.741132
50.327139377593994,1.581332
50.35292863845825,1.988481
50.37818145751953,2.156952
50.40225028991699,1.618354
50.42799425125122,1.996896
50.45309567451477,2.087036
50.47746300697327,1.779435
50.503124952316284,2.023455
50.5272171497345,1.605747
50.552934885025024,1.977634
50.57826852798462,2.195926
50.60232591629028,1.645362
50.62745952606201,1.475514
50.65420341491699,2.729118
50.67843461036682,2.369327
50.70988869667053,7.023088
50.727720975875854,1.995233
50.75382590293884,2.473353
50.77750897407532,1.863943
50.80374264717102,2.432204
50.83046221733093,4.671488
50.85270357131958,2.004064
50.87866449356079,2.55175
50.90262746810913,1.947427
50.92865014076233,2.548293
50.95366168022156,2.351856
50.97762608528137,1.924995
51.00336933135986,2.281907
51.030553340911865,4.644833
51.051910638809204,1.265539
51.0771758556366,1.36307
51.10264182090759,1.803017
51.12781620025635,1.900229
51.153069257736206,2.122202
51.17725372314453,1.653681
51.20289063453674,1.908676
51.22762870788574,1.662065
51.25294327735901,1.982209
51.27839803695679,2.313169
51.3030424118042,1.999456
51.32730269432068,1.665744
51.35292410850525,1.958274
51.378338098526,2.388813
51.40245819091797,1.74526
51.427823543548584,1.893126
51.45229363441467,1.633458
51.47778558731079,1.927652
51.50337195396423,2.245332
51.527554988861084,1.814024
51.552939891815186,1.992065
51.57804489135742,2.098203
51.602378368377686,1.661296
51.627811431884766,1.878374
51.65216946601868,1.565621
51.67777943611145,1.892773
51.70301342010498,1.974401
51.72716736793518,1.563061
51.75291585922241,1.957346
51.77806758880615,2.073181
51.802263498306274,1.62421
51.82762622833252,1.908772
51.85236883163452,1.715054
51.878026485443115,2.041438
51.903207540512085,2.072189
51.92792105674744,1.92362
51.952189445495605,1.602195
51.97787380218506,1.940579
52.00309348106384,2.040318
52.02721858024597,1.618258
52.0529568195343,1.995264
52.07817268371582,2.145241
52.102009534835815,1.308545
52.12781476974487,1.838567
52.152395486831665,1.717453
52.17788004875183,1.942659
52.20305919647217,2.013567
52.22715997695923,1.575444
52.25297808647156,2.002272
52.27811908721924,2.118394
52.3022358417511,1.601491
52.32782578468323,1.904517
52.35216546058655,1.573748
52.377825021743774,1.921955
52.40364623069763,2.405868
52.42660450935364,0.954514
52.45308256149292,2.083804
52.47813653945923,2.12185
52.5030722618103,2.021438
52.52676010131836,1.119722
52.55307149887085,2.056349
52.577855825424194,2.027966
52.60297703742981,1.959553
52.62814712524414,2.076828
52.652589082717896,1.853798
52.677387714385986,1.837095
52.70206427574158,1.53103
52.72802019119263,1.995872
52.75218749046326,1.603987
52.77791500091553,1.971009
52.80332684516907,2.263539
52.827261447906494,1.662992
52.853179931640625,2.130585
52.87749719619751,1.853479
52.9023163318634,1.658448
52.92750954627991,1.763243
52.952120542526245,1.556117
52.97753667831421,1.805833
53.002713203430176,1.851463
53.026946783065796,1.333184
53.05303764343262,2.045662
53.07808446884155,2.04019
53.10230779647827,1.404316
53.12718391418457,1.524374
53.152785778045654,1.886917
53.17748689651489,1.843335
53.20230221748352,1.656719
53.22758626937866,1.788778
53.252147912979126,1.572852
53.27774524688721,1.900709
53.30304932594299,2.056765
53.32754945755005,1.799081
53.352166175842285,1.391389
53.37776184082031,1.991904
53.402313470840454,1.66888
53.427425146102905,1.743724
53.45205879211426,1.52143
53.47755765914917,1.796457
53.50275254249573,1.887588
53.527167320251465,1.602002
53.55267906188965,1.883621
53.577192068099976,1.662896
53.602444887161255,1.698606
53.627357721328735,1.705006
53.652509689331055,1.796873
53.67795443534851,2.000575
53.70283889770508,1.932802
53.72804856300354,2.021535
53.7523627281189,1.720333
53.777771949768066,1.925603
53.80278944969177,1.924739
53.827165842056274,1.578739
53.85261917114258,1.837768
53.87721538543701,1.641841
53.90279841423035,1.876262
53.927695512771606,1.858214
53.95218586921692,1.590707
53.97765302658081,1.866758
54.002750396728516,1.896292
54.0271635055542,1.574356
54.05270433425903,1.905892
54.07775044441223,1.93693
54.10285925865173,1.894724
54.12757110595703,1.818408
54.15217590332031,1.592019
54.17737150192261,1.722509
54.20255661010742,1.800136
54.22729134559631,1.649776
54.25314688682556,2.096538
54.277437686920166,1.820743
54.30319094657898,2.096794
54.32726860046387,1.664143
54.35301733016968,2.008063
54.377628803253174,1.870438
54.40281009674072,1.874117
54.42799401283264,1.996639
54.45231866836548,1.649552
54.478127241134644,2.076923
54.50309896469116,2.042589
54.527623414993286,1.834376
54.55294227600098,1.988543
54.577290773391724,1.676783
54.60278844833374,1.847239
54.62802457809448,2.023934
54.6524133682251,1.757643
54.677825689315796,1.910979
54.70306921005249,2.036189
54.727211475372314,1.619602
54.75294280052185,2.005438
54.777246952056885,1.650288
54.80295133590698,1.979712
54.82798719406128,1.993887
54.85293626785278,2.014942
54.87803506851196,2.029533
54.90322732925415,2.139993
54.9284930229187,2.393709
54.952353715896606,1.727692
54.97796392440796,1.997439
55.00229477882385,1.629809
55.02717971801758,1.45225
55.052590131759644,1.694574
55.07796311378479,1.99136
55.10313129425049,2.046525
55.127394914627075,1.590131
55.15286111831665,1.889604
55.1777925491333,1.928003
55.203150033950806,2.054493
55.22766661643982,1.899811
55.25293493270874,1.976256
55.27745699882507,1.771818
55.30207848548889,1.52783
55.327906131744385,1.926658
55.352850675582886,1.964449
55.37705636024475,1.384317
55.40288281440735,1.905571
55.42774820327759,1.893028
55.4531524181366,2.085403
55.478166580200195,2.104153
55.50219774246216,1.578803
55.52785801887512,1.89962
55.55320405960083,2.136216
55.57773303985596,1.936674
55.60288977622986,1.907683
55.62799882888794,1.999199
55.65214824676514,1.588915
55.6779146194458,1.9664
55.70237636566162,1.69355
55.72781181335449,1.870277
55.75305700302124,2.065307
55.77716851234436,1.613746
55.803035736083984,1.983104
55.828551292419434,2.444137
55.852906942367554,1.986079
55.87817645072937,2.118713
55.90224003791809,1.614002
55.92793583869934,1.942625
55.952818393707275,1.927619
55.97738766670227,1.733868
56.002888441085815,1.893956
56.02798295021057,1.988575
56.05283069610596,1.972512
56.07822608947754,2.14204
56.1026771068573,1.815687
56.12819457054138,2.070299
56.1521635055542,1.605394
56.17802286148071,2.000094
56.20209288597107,1.51295
56.2276291847229,1.777353
56.253018379211426,2.0367
56.277040243148804,1.547188
56.30286908149719,1.88506
56.32798671722412,2.00419
56.3521363735199,1.571348
56.37821006774902,2.129752
56.40216636657715,1.560372
56.42790865898132,1.93133
56.453054904937744,2.052764
56.47721815109253,1.638225
56.50299835205078,1.954145
56.52835774421692,2.387628
56.55228662490845,1.649936
56.57788372039795,1.966368
56.602149963378906,1.545237
56.62772846221924,1.842406
56.65381073951721,2.57629
56.67741394042969,1.786313
56.70347881317139,2.350893
56.72785186767578,1.920323
56.753132820129395,2.106298
56.777058601379395,1.55682
56.80262756347656,1.799657
56.82808566093445,2.156919
56.85210466384888,1.573811
56.877594232559204,1.821159
56.90200448036194,1.483736
56.92777180671692,1.863909
56.953434228897095,2.419787
56.97734093666077,1.715949
57.002808570861816,1.864677
57.02802920341492,2.123736
57.052252769470215,1.636881
57.077818870544434,1.953248
57.10181427001953,1.267491
57.127134561538696,1.382653
57.15234637260437,1.538932
57.17735314369202,1.72286
57.20285654067993,1.903331
57.22812867164612,2.260305
57.25292158126831,2.047709
57.278175354003906,2.127768
57.30218029022217,1.572148
57.328834772109985,2.707995
57.35255575180054,1.87498
57.37798857688904,2.029277
57.40227770805359,1.651407
57.427836418151855,1.901795
57.452831983566284,1.994463
57.47792720794678,2.029789
57.5029833316803,2.007102
57.52752995491028,1.71854
57.552677392959595,1.94205
57.57858371734619,2.565251
57.60235047340393,1.682445
57.628798961639404,2.701117
57.652313470840454,1.68251
57.67789602279663,1.957024
57.702128171920776,1.530517
57.72783279418945,1.904579
57.753148555755615,2.127289
57.77771806716919,1.871461
57.80299186706543,1.96752
57.82798933982849,2.331118
57.85294556617737,2.022109
57.878235816955566,2.19682
57.90287518501282,1.922819
57.927913665771484,1.940737
57.95340943336487,2.288848
57.978121519088745,2.106426
58.00304841995239,2.036829
58.02709197998047,1.42185
58.05196237564087,1.268642
58.07704949378967,1.291552
58.10127592086792,0.845815
58.1269006729126,1.1482
58.15258741378784,1.81012
58.1779408454895,1.96512
58.202463150024414,1.735787
58.22742009162903,1.717036
58.25251317024231,1.834726
58.277804136276245,2.03766
58.30136299133301,0.942322
58.32747268676758,1.750538
58.35209107398987,1.526614
58.377493381500244,1.774089
58.4028594493866,1.932066
58.4272301197052,1.62664
58.45271158218384,1.901443
58.47776460647583,2.000158
58.50295901298523,1.962944
58.52784848213196,1.992734
58.55252718925476,1.790121
58.577406883239746,1.821159
58.60201072692871,1.484791
58.627264738082886,1.627217
58.65194034576416,1.461112
58.67726731300354,1.649007
58.702346086502075,1.67899
58.72696542739868,1.471736
58.7530152797699,2.052924
58.77793645858765,2.023004
58.802419662475586,1.704908
58.82711219787598,1.384796
58.85244297981262,1.779305
58.87743353843689,1.757034
58.90254759788513,1.787336
58.92708420753479,1.520085
58.9524359703064,1.762794
58.97739362716675,1.741611
59.002302408218384,1.653775
59.02746844291687,1.739627
59.05243420600891,1.785545
59.077826738357544,1.925889
59.10243344306946,1.736459
59.1271595954895,1.371773
59.15257430076599,1.780904
59.17759108543396,1.83831
59.20245575904846,1.726028
59.22697877883911,1.481783
59.252564668655396,1.817671
59.27738666534424,1.747659
59.30251669883728,1.752554
59.32798147201538,2.001757
59.352113485336304,1.5517
59.377586126327515,1.823462
59.402424573898315,1.722571
59.427133560180664,1.567123
59.45255494117737,1.820934
59.477144718170166,1.630192
59.502575397491455,1.771113
59.52749991416931,1.784456
59.55260896682739,1.834118
59.57799577713013,2.068122
59.602890968322754,1.954144
59.62729358673096,1.682061
59.65315341949463,2.307535
59.68069553375244,2.871955
59.703224658966064,2.335309
59.73073172569275,2.328397
59.7529673576355,2.207188
59.78052544593811,3.481621
59.80243229866028,1.853765
59.827797174453735,2.113304
59.85230207443237,1.700397
59.877695083618164,2.0399
59.903071880340576,2.263601
59.92737078666687,1.767561
59.95316028594971,2.111769
59.97755742073059,1.822215
60.002408027648926,1.696077
